{
  "n_folds": 23,
  "mean_predictor": {
    "r2": -0.014792631039980408,
    "rmse": 74.72205439225668,
    "mae": 58.160082437729486,
    "bias": 0.14786834523369027,
    "n": 4636
  },
  "ridge_pc20": {
    "r2": 0.37270917755555044,
    "rmse": 58.74820723174491,
    "mae": 44.01066372744633,
    "bias": 1.4369380976291564,
    "n": 4636
  }
}