{
  "overall": {
    "r2": 0.4182242204386467,
    "rmse": 56.576746552030365,
    "mae": 41.49266989393279,
    "bias": 0.5032738534142838,
    "n": 4636
  },
  "per_quintile_bias": {
    "Q1": 35.56312514518145,
    "Q2": 31.769411378867943,
    "Q3": 17.332855374077745,
    "Q4": -10.133961946518731,
    "Q5": -72.05288145184201
  },
  "per_quintile_true_mean": {
    "Q1": 18.164326431906304,
    "Q2": 63.210111934999674,
    "Q3": 101.06414890408857,
    "Q4": 139.09138985889214,
    "Q5": 220.37671227963756
  },
  "per_quintile_pred_mean": {
    "Q1": 53.727451577087756,
    "Q2": 94.97952331386762,
    "Q3": 118.39700427816632,
    "Q4": 128.9574279123734,
    "Q5": 148.32383082779552
  },
  "predicted_range_discrimination": 0.46780704779350246,
  "predicted_range_discrimination_by_region": {
    "mw": 0.46694452711753553,
    "ne": 0.4895932756656832,
    "wv": 0.19157322785823516
  },
  "per_ecoregion_r2": {
    "Appalachian mixed mesophytic forests": {
      "r2": 0.15716863003294113,
      "rmse": 80.72595726304975,
      "mae": 62.245785142230055,
      "bias": -0.0585600291597379,
      "n": 598
    },
    "New England-Acadian forests": {
      "r2": 0.47570091349249266,
      "rmse": 44.870323805888134,
      "mae": 34.173973675515356,
      "bias": 0.9270860396455264,
      "n": 1407
    },
    "Upper Midwest US forest-savanna transition": {
      "r2": -0.08085209350709821,
      "rmse": 46.339722710818,
      "mae": 40.01499716173744,
      "bias": 7.675229093259603,
      "n": 12
    },
    "Western Great Lakes forests": {
      "r2": 0.41489758533691157,
      "rmse": 55.55778605362147,
      "mae": 40.69266024659331,
      "bias": 0.3710132397731084,
      "n": 2619
    }
  },
  "error_by_region": {
    "mw": {
      "r2": 0.4141962199768917,
      "rmse": 55.51921695414638,
      "mae": 40.68956942294516,
      "bias": 0.40432779326677565,
      "n": 2631
    },
    "ne": {
      "r2": 0.47570091349249266,
      "rmse": 44.870323805888134,
      "mae": 34.173973675515356,
      "bias": 0.9270860396455264,
      "n": 1407
    },
    "wv": {
      "r2": 0.15716863003294113,
      "rmse": 80.72595726304975,
      "mae": 62.245785142230055,
      "bias": -0.0585600291597379,
      "n": 598
    }
  },
  "calibration_max_abs_decile_residual": 4.341621887109921,
  "external_holdout_r2": 0.4182242204386467
}